Currency Name,Fri Jun 26 14:00:09 2020
0,.,0,1,3,2, ,U,S,D
0,.,0,1,1,8, ,E,U,R
1,.,4,1,9,5, ,J,P,Y
0,.,0,2,3,1, ,B,G,N
0,.,3,1,6,3, ,C,Z,K
0,.,0,8,8,0, ,D,K,K
0,.,0,1,0,6, ,G,B,P
4,.,1,8,3,0, ,H,U,F
0,.,0,1,2,6, ,C,H,F
0,.,0,1,9,3, ,A,U,D
0,.,0,7,0,8, ,B,R,L
0,.,0,1,8,0, ,C,A,D
0,.,0,9,0,6, ,T,R,Y
1,8,8,.,7,3,3,6, ,I,D,R
0,.,0,5,6,6, ,M,Y,R
0,.,0,2,0,6, ,N,Z,D
Currency Name,Fri Jun 26 14:03:09 2020
0,.,0,1,3,2, ,U,S,D
0,.,0,1,1,8, ,E,U,R
1,.,4,1,9,5, ,J,P,Y
0,.,0,2,3,1, ,B,G,N
0,.,3,1,6,3, ,C,Z,K
0,.,0,8,8,0, ,D,K,K
0,.,0,1,0,6, ,G,B,P
4,.,1,8,3,0, ,H,U,F
0,.,0,1,2,6, ,C,H,F
0,.,0,1,9,3, ,A,U,D
0,.,0,7,0,8, ,B,R,L
0,.,0,1,8,0, ,C,A,D
0,.,0,9,0,6, ,T,R,Y
1,8,8,.,7,3,3,6, ,I,D,R
0,.,0,5,6,6, ,M,Y,R
0,.,0,2,0,6, ,N,Z,D
Currency Name,Fri Jun 26 14:05:47 2020
0,.,0,1,3,2, ,U,S,D
0,.,0,1,1,8, ,E,U,R
1,.,4,1,9,5, ,J,P,Y
0,.,0,2,3,1, ,B,G,N
0,.,3,1,6,3, ,C,Z,K
0,.,0,8,8,0, ,D,K,K
0,.,0,1,0,6, ,G,B,P
4,.,1,8,3,0, ,H,U,F
0,.,0,1,2,6, ,C,H,F
0,.,0,1,9,3, ,A,U,D
0,.,0,7,0,8, ,B,R,L
0,.,0,1,8,0, ,C,A,D
0,.,0,9,0,6, ,T,R,Y
1,8,8,.,7,3,3,6, ,I,D,R
0,.,0,5,6,6, ,M,Y,R
0,.,0,2,0,6, ,N,Z,D
Currency Name,Fri Jun 26 14:10:11 2020
0,.,0,1,3,2, ,U,S,D
0,.,0,1,1,8, ,E,U,R
1,.,4,1,9,5, ,J,P,Y
0,.,0,2,3,1, ,B,G,N
0,.,3,1,6,3, ,C,Z,K
0,.,0,8,8,0, ,D,K,K
0,.,0,1,0,6, ,G,B,P
4,.,1,8,3,0, ,H,U,F
0,.,0,1,2,6, ,C,H,F
0,.,0,1,9,3, ,A,U,D
0,.,0,7,0,8, ,B,R,L
0,.,0,1,8,0, ,C,A,D
0,.,0,9,0,6, ,T,R,Y
1,8,8,.,7,3,3,6, ,I,D,R
0,.,0,5,6,6, ,M,Y,R
0,.,0,2,0,6, ,N,Z,D
Currency Name,Fri Jun 26 14:47:54 2020
0,.,0,1,3,2, ,U,S,D
0,.,0,1,1,8, ,E,U,R
1,.,4,1,9,5, ,J,P,Y
0,.,0,2,3,1, ,B,G,N
0,.,3,1,6,3, ,C,Z,K
0,.,0,8,8,0, ,D,K,K
0,.,0,1,0,6, ,G,B,P
4,.,1,8,3,0, ,H,U,F
0,.,0,1,2,6, ,C,H,F
0,.,0,1,9,3, ,A,U,D
0,.,0,7,0,8, ,B,R,L
0,.,0,1,8,0, ,C,A,D
0,.,0,9,0,6, ,T,R,Y
1,8,8,.,7,3,3,6, ,I,D,R
0,.,0,5,6,6, ,M,Y,R
0,.,0,2,0,6, ,N,Z,D
Currency Name,Fri Jun 26 15:09:10 2020
0,.,0,1,3,2, ,U,S,D
0,.,0,1,1,8, ,E,U,R
1,.,4,1,9,5, ,J,P,Y
0,.,0,2,3,1, ,B,G,N
0,.,3,1,6,3, ,C,Z,K
0,.,0,8,8,0, ,D,K,K
0,.,0,1,0,6, ,G,B,P
4,.,1,8,3,0, ,H,U,F
0,.,0,1,2,6, ,C,H,F
0,.,0,1,9,3, ,A,U,D
0,.,0,7,0,8, ,B,R,L
0,.,0,1,8,0, ,C,A,D
0,.,0,9,0,6, ,T,R,Y
1,8,8,.,7,3,3,6, ,I,D,R
0,.,0,5,6,6, ,M,Y,R
0,.,0,2,0,6, ,N,Z,D
